ward_code,Ward,Local Authority,Labour vote change 2014-18percent,crimes2016q1,crimes2017q1,crimes2018q1,crime_change_q1_2017-18percent,totalcrimes2016,totalcrimes2017,totalcrimes2018,crime_change_2016-17percent
E05009401,Queen's Gate,Kensington and Chelsea,1.1,,,,,,,,
E05000595,Forest,Waltham Forest,15.4,221.0,459.0,407.0,-11.328976034858387,1451.0,1726.0,841.0,18.952446588559614
E05000044,Burnt Oak,Barnet,3.0,491.0,473.0,510.0,7.822410147991543,2248.0,2116.0,1117.0,-5.871886120996441
E05011113,Rye Lane,Southwark,66.9,,,,,,,,
E05000093,Kenton,Brent,4.4,176.0,185.0,189.0,2.1621621621621623,724.0,740.0,378.0,2.209944751381215
E05011485,South Norwood,Croydon,15.9,,,,,,,,
E05000046,Colindale,Barnet,3.1,487.0,486.0,534.0,9.876543209876543,2214.0,2294.0,1217.0,3.6133694670280034
E05000520,Hampton,Richmond upon Thames,-1.7,92.0,164.0,191.0,16.463414634146343,661.0,758.0,367.0,14.674735249621785
E05000196,Cockfosters,Enfield,1.5,159.0,209.0,317.0,51.674641148325364,894.0,1077.0,656.0,20.469798657718123
E05009323,Canary Wharf,Tower Hamlets,-2.7,,,,,,,,
E05000286,Canons,Harrow,-3.5,141.0,262.0,224.0,-14.50381679389313,890.0,1028.0,471.0,15.505617977528091
E05000212,Upper Edmonton,Enfield,1.4,412.0,725.0,790.0,8.96551724137931,2504.0,3186.0,1645.0,27.23642172523962
E05000295,Kenton West,Harrow,4.2,101.0,152.0,150.0,-1.3157894736842104,547.0,685.0,306.0,25.22851919561243
E05000301,Roxbourne,Harrow,12.8,143.0,240.0,240.0,0.0,960.0,1003.0,448.0,4.479166666666667
E05000492,Stratford and New Town,Newham,-29.6,1053.0,1980.0,2129.0,7.525252525252525,6970.0,8595.0,4290.0,23.3142037302726
E05000373,Highbury West,Islington,-1.9,362.0,710.0,629.0,-11.408450704225352,2172.0,2747.0,1271.0,26.473296500920814
E05000418,Clapham Common,Lambeth,7.8,201.0,346.0,345.0,-0.2890173410404624,1361.0,1513.0,726.0,11.168258633357825
E05000617,Latchmere,Wandsworth,12.7,236.0,325.0,440.0,35.38461538461539,1548.0,1579.0,915.0,2.0025839793281652
E05000188,South Acton,Ealing,4.9,314.0,522.0,605.0,15.900383141762454,2258.0,2365.0,1215.0,4.738706820194863
E05000442,Downham,Lewisham,27.1,253.0,443.0,379.0,-14.446952595936793,1485.0,1712.0,834.0,15.286195286195287
E05009332,Shadwell,Tower Hamlets,0.3,,,,,,,,
E05000289,Harrow on the Hill,Harrow,16.9,130.0,225.0,225.0,0.0,942.0,1005.0,516.0,6.687898089171974
E05000171,Cleveland,Ealing,4.4,125.0,260.0,243.0,-6.538461538461539,921.0,1164.0,525.0,26.384364820846905
E05000195,Chase,Enfield,7.1,198.0,290.0,294.0,1.3793103448275863,1228.0,1245.0,649.0,1.3843648208469055
E05000325,Botwell,Hillingdon,7.4,344.0,652.0,613.0,-5.98159509202454,2119.0,2570.0,1275.0,21.283624351109015
E05000140,Kilburn,Camden,12.0,361.0,555.0,642.0,15.675675675675677,2246.0,2522.0,1309.0,12.288512911843277
E05011251,Seven Kings,Redbridge,78.8,,,,,,,,
E05000431,Streatham South,Lambeth,2.2,224.0,353.0,395.0,11.89801699716714,1285.0,1522.0,828.0,18.443579766536967
E05000194,Bush Hill Park,Enfield,7.8,110.0,188.0,219.0,16.48936170212766,698.0,915.0,469.0,31.088825214899714
E05000416,Bishop's,Lambeth,7.2,674.0,1022.0,1014.0,-0.7827788649706457,4091.0,4451.0,2140.0,8.799804448790027
E05000096,Northwick Park,Brent,10.7,237.0,223.0,282.0,26.45739910313901,1046.0,1032.0,543.0,-1.338432122370937
E05000444,Forest Hill,Lewisham,14.9,170.0,404.0,351.0,-13.118811881188119,1201.0,1351.0,691.0,12.489592006661116
E05000197,Edmonton Green,Enfield,-11.9,528.0,785.0,793.0,1.019108280254777,3129.0,3276.0,1743.0,4.697986577181208
E05000441,Crofton Park,Lewisham,12.6,159.0,264.0,297.0,12.5,995.0,1212.0,600.0,21.809045226130653
E05000328,Charville,Hillingdon,10.8,160.0,230.0,240.0,4.3478260869565215,931.0,908.0,474.0,-2.4704618689581093
E05000420,Coldharbour,Lambeth,-4.1,540.0,835.0,834.0,-0.11976047904191617,3501.0,3549.0,1758.0,1.371036846615253
E05000532,West Twickenham,Richmond upon Thames,5.5,89.0,214.0,179.0,-16.355140186915886,658.0,911.0,335.0,38.44984802431611
E05000439,Brockley,Lewisham,10.5,328.0,523.0,522.0,-0.19120458891013384,2015.0,2065.0,1074.0,2.481389578163772
E05000275,Noel Park,Haringey,8.6,628.0,841.0,983.0,16.884661117717002,3452.0,3795.0,1916.0,9.936268829663963
E05000378,St George's,Islington,-4.2,226.0,354.0,325.0,-8.192090395480225,1313.0,1501.0,642.0,14.31835491241432
E05011109,Old Kent Road,Southwark,65.7,,,,,,,,
E05000112,Clock House,Bromley,12.7,163.0,221.0,223.0,0.904977375565611,974.0,923.0,486.0,-5.236139630390143
E05000342,West Drayton,Hillingdon,21.9,219.0,449.0,414.0,-7.795100222717149,1503.0,1973.0,924.0,31.270791749833666
E05009326,Limehouse,Tower Hamlets,1.7,,,,,,,,
E05000623,Shaftesbury,Wandsworth,7.0,226.0,259.0,334.0,28.957528957528954,1286.0,1412.0,761.0,9.79782270606532
E05011110,Peckham,Southwark,76.5,,,,,,,,
E05011231,Slade Green and Northend,Bexley,50.6,,,,,,,,
E05000631,Bayswater,Westminster,15.5,194.0,298.0,332.0,11.409395973154362,1295.0,1332.0,657.0,2.857142857142857
E05000485,Green Street East,Newham,24.6,148.0,296.0,325.0,9.797297297297296,1116.0,1308.0,693.0,17.20430107526882
E05009387,Woodberry Down,Hackney,6.2,,,,,,,,
E05000519,"Ham, Petersham and Richmond Riverside",Richmond upon Thames,-5.3,95.0,183.0,172.0,-6.0109289617486334,743.0,822.0,379.0,10.632570659488561
E05000111,Chislehurst,Bromley,3.4,141.0,279.0,332.0,18.996415770609318,988.0,1347.0,676.0,36.336032388663966
E05000466,Merton Park,Merton,0.3,136.0,222.0,220.0,-0.9009009009009009,756.0,920.0,428.0,21.693121693121693
E05000133,Frognal and Fitzjohns,Camden,3.3,207.0,262.0,259.0,-1.1450381679389312,1077.0,1197.0,545.0,11.142061281337048
E05000092,Kensal Green,Brent,8.1,436.0,446.0,477.0,6.950672645739911,2002.0,1910.0,1012.0,-4.595404595404595
E05009381,London Fields,Hackney,11.5,,,,,,,,
E05009321,Bromley North,Tower Hamlets,-6.5,,,,,,,,
E05000170,Acton Central,Ealing,7.9,273.0,446.0,376.0,-15.695067264573993,1686.0,1933.0,769.0,14.65005931198102
E05000277,St Ann's,Haringey,6.6,230.0,437.0,419.0,-4.118993135011442,1606.0,1838.0,981.0,14.44582814445828
E05000478,Canning Town South,Newham,-1.7,297.0,399.0,449.0,12.531328320802004,1768.0,2006.0,996.0,13.461538461538462
E05000517,East Sheen,Richmond upon Thames,-4.0,93.0,168.0,168.0,0.0,623.0,695.0,371.0,11.556982343499197
E05000041,Village,Barking and Dagenham,18.3,299.0,288.0,327.0,13.541666666666666,1093.0,1311.0,677.0,19.945105215004574
E05011245,Hainault,Redbridge,54.5,,,,,,,,
E05000465,Lower Morden,Merton,3.7,69.0,111.0,81.0,-27.027027027027028,391.0,520.0,186.0,32.992327365728904
E05000632,Bryanston and Dorset Square,Westminster,0.9,540.0,925.0,855.0,-7.567567567567568,3494.0,3889.0,1757.0,11.3050944476245
E05000304,Wealdstone,Harrow,8.2,103.0,221.0,193.0,-12.669683257918551,776.0,926.0,435.0,19.329896907216497
E05000379,St Mary's,Islington,-0.2,480.0,880.0,637.0,-27.613636363636363,2921.0,3233.0,1356.0,10.681273536460116
E05000376,Junction,Islington,5.4,338.0,562.0,648.0,15.302491103202847,2031.0,3027.0,1279.0,49.039881831610046
E05000336,Northwood Hills,Hillingdon,7.8,117.0,221.0,225.0,1.809954751131222,724.0,822.0,476.0,13.535911602209943
E05011097,Champion Hill,Southwark,62.6,,,,,,,,
E05011219,Bexleyheath,Bexley,26.3,,,,,,,,
E05000264,Town,Hammersmith and Fulham,17.7,206.0,362.0,411.0,13.535911602209943,1317.0,1541.0,813.0,17.0083523158694
E05000635,Harrow Road,Westminster,23.9,197.0,281.0,280.0,-0.3558718861209964,1347.0,1461.0,657.0,8.463251670378618
E05000321,South Hornchurch,Havering,4.0,233.0,309.0,305.0,-1.2944983818770228,1250.0,1357.0,687.0,8.559999999999999
E05011476,Purley and Woodcote,Croydon,18.7,,,,,,,,
E05011487,Waddon,Croydon,9.4,,,,,,,,
E05000267,Bounds Green,Haringey,8.8,235.0,416.0,392.0,-5.769230769230769,1476.0,1823.0,868.0,23.509485094850948
E05011117,Surrey Docks,Southwark,27.7,,,,,,,,
E05011218,Belvedere,Bexley,62.3,,,,,,,,
E05000137,Highgate,Camden,-3.4,159.0,268.0,268.0,0.0,950.0,1287.0,605.0,35.473684210526315
E05011477,Purley Oaks and Riddlesdown,Croydon,24.5,,,,,,,,
E05000556,Beddington South,Sutton,1.5,140.0,210.0,224.0,6.666666666666667,759.0,871.0,430.0,14.756258234519104
E05000329,Eastcote and East Ruislip,Hillingdon,1.4,124.0,188.0,198.0,5.319148936170213,710.0,835.0,395.0,17.6056338028169
E05009324,Island Gardens,Tower Hamlets,-2.4,,,,,,,,
E05011478,Sanderstead,Croydon,4.1,,,,,,,,
E05000422,Gipsy Hill,Lambeth,-20.4,215.0,371.0,373.0,0.5390835579514826,1440.0,1545.0,752.0,7.291666666666667
E05000438,Blackheath,Lewisham,3.0,311.0,488.0,462.0,-5.327868852459016,1703.0,1888.0,964.0,10.86318261890781
E05011233,West Heath,Bexley,30.9,,,,,,,,
E05000124,Petts Wood and Knoll,Bromley,1.6,139.0,198.0,196.0,-1.0101010101010102,759.0,832.0,396.0,9.617918313570488
E05000613,East Putney,Wandsworth,3.6,98.0,186.0,216.0,16.129032258064516,699.0,834.0,421.0,19.313304721030043
E05009320,Bow West,Tower Hamlets,14.5,,,,,,,,
E05000202,Highlands,Enfield,-1.2,117.0,154.0,228.0,48.05194805194805,681.0,763.0,433.0,12.041116005873716
E05011095,Borough and Bankside,Southwark,29.7,,,,,,,,
E05000344,Yeading,Hillingdon,15.3,208.0,389.0,432.0,11.053984575835475,1411.0,1581.0,895.0,12.048192771084338
E05000085,Alperton,Brent,8.6,307.0,313.0,344.0,9.904153354632587,1437.0,1442.0,741.0,0.3479471120389701
E05011464,Bensham Manor,Croydon,12.5,,,,,,,,
E05011224,East Wickham,Bexley,37.6,,,,,,,,
E05000227,Shooters Hill,Greenwich,13.0,156.0,274.0,257.0,-6.204379562043796,953.0,1093.0,533.0,14.690451206715634
E05000120,Kelsey and Eden Park,Bromley,8.6,220.0,350.0,420.0,20.0,1156.0,1519.0,845.0,31.40138408304498
E05000118,Farnborough and Crofton,Bromley,1.9,127.0,227.0,212.0,-6.607929515418502,790.0,969.0,516.0,22.658227848101266
E05000628,West Hill,Wandsworth,-5.3,148.0,227.0,216.0,-4.845814977973569,874.0,975.0,480.0,11.556064073226544
E05000259,Palace Riverside,Hammersmith and Fulham,5.1,105.0,193.0,155.0,-19.689119170984455,705.0,786.0,350.0,11.48936170212766
E05011096,Camberwell Green,Southwark,67.5,,,,,,,,
E05011239,Clayhall,Redbridge,54.8,,,,,,,,
E05000647,Warwick,Westminster,8.1,516.0,886.0,907.0,2.3702031602708806,3438.0,3685.0,1857.0,7.184409540430482
E05000036,Mayesbrook,Barking and Dagenham,32.9,250.0,252.0,237.0,-5.952380952380952,917.0,1105.0,525.0,20.50163576881134
E05000027,Alibon,Barking and Dagenham,22.7,250.0,256.0,269.0,5.078125,968.0,1102.0,555.0,13.842975206611571
E05000454,Whitefoot,Lewisham,19.7,196.0,304.0,321.0,5.592105263157895,1274.0,1398.0,689.0,9.733124018838305
E05000314,Heaton,Havering,1.9,187.0,312.0,286.0,-8.333333333333332,1170.0,1289.0,603.0,10.17094017094017
E05000282,West Green,Haringey,6.4,251.0,372.0,407.0,9.408602150537634,1657.0,1634.0,949.0,-1.388050694025347
E05011466,Coulsdon Town,Croydon,24.9,,,,,,,,
E05000116,Crystal Palace,Bromley,17.0,156.0,346.0,292.0,-15.606936416184972,1333.0,1407.0,643.0,5.55138784696174
E05000038,River,Barking and Dagenham,19.7,309.0,350.0,310.0,-11.428571428571429,1259.0,1618.0,640.0,28.51469420174742
E05000567,Sutton West,Sutton,8.7,88.0,174.0,137.0,-21.26436781609195,521.0,626.0,273.0,20.153550863723606
E05009368,Cazenove,Hackney,52.7,,,,,,,,
E05000299,Queensbury,Harrow,18.4,112.0,163.0,175.0,7.361963190184049,626.0,618.0,368.0,-1.2779552715654952
E05000311,Hacton,Havering,4.5,91.0,134.0,174.0,29.850746268656714,536.0,697.0,384.0,30.037313432835823
E05000479,Custom House,Newham,14.4,236.0,418.0,427.0,2.15311004784689,1594.0,1687.0,947.0,5.834378920953576
E05000256,Hammersmith Broadway,Hammersmith and Fulham,17.6,528.0,831.0,896.0,7.821901323706378,3010.0,3656.0,1904.0,21.461794019933556
E05000435,Tulse Hill,Lambeth,-1.9,208.0,369.0,386.0,4.607046070460704,1645.0,1751.0,820.0,6.443768996960486
E05000406,Coombe Hill,Kingston upon Thames,-1.4,91.0,160.0,148.0,-7.5,547.0,677.0,318.0,23.76599634369287
E05009398,Norland,Kensington and Chelsea,0.8,,,,,,,,
E05000251,Askew,Hammersmith and Fulham,16.7,270.0,335.0,314.0,-6.26865671641791,1535.0,1513.0,611.0,-1.4332247557003257
E05000087,Brondesbury Park,Brent,19.2,356.0,378.0,362.0,-4.232804232804233,1429.0,1632.0,741.0,14.205738278516444
E05000523,Heathfield,Richmond upon Thames,8.0,152.0,190.0,122.0,-35.78947368421053,744.0,760.0,319.0,2.1505376344086025
E05000642,Queen's Park,Westminster,10.7,133.0,232.0,257.0,10.775862068965516,1109.0,1152.0,600.0,3.87736699729486
E05000368,Caledonian,Islington,5.2,415.0,676.0,602.0,-10.946745562130179,2557.0,2922.0,1367.0,14.274540477121628
E05011111,Peckham Rye,Southwark,55.1,,,,,,,,
E05011098,Chaucer,Southwark,54.6,,,,,,,,
E05000608,William Morris,Waltham Forest,17.8,156.0,245.0,320.0,30.612244897959183,1105.0,1249.0,639.0,13.031674208144798
E05000121,Mottingham and Chislehurst North,Bromley,17.4,164.0,388.0,275.0,-29.12371134020619,1193.0,1282.0,593.0,7.460184409052808
E05000101,Sudbury,Brent,3.4,282.0,260.0,274.0,5.384615384615385,1235.0,1169.0,549.0,-5.344129554655871
E05000221,Glyndon,Greenwich,3.0,234.0,329.0,318.0,-3.343465045592705,1325.0,1491.0,719.0,12.528301886792454
E05000470,St Helier,Merton,3.5,131.0,213.0,207.0,-2.8169014084507045,755.0,855.0,415.0,13.245033112582782
E05000521,Hampton North,Richmond upon Thames,2.5,93.0,179.0,165.0,-7.82122905027933,774.0,810.0,369.0,4.651162790697675
E05000529,South Twickenham,Richmond upon Thames,-7.4,102.0,157.0,122.0,-22.29299363057325,605.0,706.0,279.0,16.694214876033058
E05000278,Seven Sisters,Haringey,7.3,246.0,412.0,403.0,-2.1844660194174756,1633.0,1907.0,909.0,16.77893447642376
E05011226,Falconwood and Welling,Bexley,27.3,,,,,,,,
E05000179,Hanger Hill,Ealing,1.2,166.0,289.0,285.0,-1.384083044982699,983.0,1137.0,600.0,15.666327568667345
E05009389,Brompton and Hans Town,Kensington and Chelsea,2.1,,,,,,,,
E05000287,Edgware,Harrow,7.5,174.0,317.0,229.0,-27.760252365930597,1053.0,1235.0,514.0,17.28395061728395
E05011488,West Thornton,Croydon,11.8,,,,,,,,
E05000487,Little Ilford,Newham,18.2,304.0,457.0,401.0,-12.25382932166302,1661.0,1706.0,825.0,2.7092113184828417
E05000353,Hanworth,Hounslow,10.9,188.0,304.0,318.0,4.605263157894736,1211.0,1261.0,617.0,4.128819157720892
E05000090,Fryent,Brent,10.8,259.0,329.0,292.0,-11.246200607902736,1174.0,1373.0,616.0,16.950596252129472
E05000228,Thamesmead Moorings,Greenwich,19.1,280.0,446.0,506.0,13.452914798206278,1821.0,2040.0,1003.0,12.026359143327841
E05000322,Squirrel's Heath,Havering,6.8,133.0,234.0,189.0,-19.230769230769234,869.0,904.0,397.0,4.027617951668585
E05000596,Grove Green,Waltham Forest,6.4,156.0,309.0,259.0,-16.181229773462782,1033.0,1124.0,554.0,8.809293320425944
E05000261,Ravenscourt Park,Hammersmith and Fulham,10.2,178.0,285.0,306.0,7.368421052631578,1238.0,1471.0,632.0,18.820678513731824
E05000458,Cricket Green,Merton,-2.3,229.0,337.0,312.0,-7.418397626112759,1313.0,1334.0,687.0,1.5993907083015995
E05009375,Haggerston,Hackney,11.5,,,,,,,,
E05000369,Canonbury,Islington,9.7,195.0,381.0,249.0,-34.645669291338585,1329.0,1343.0,552.0,1.0534236267870578
E05000276,Northumberland Park,Haringey,17.0,397.0,738.0,769.0,4.200542005420054,2700.0,3181.0,1572.0,17.814814814814813
E05011244,Goodmayes,Redbridge,77.7,,,,,,,,
E05011467,Crystal Palace and Upper Norwood,Croydon,48.3,,,,,,,,
E05000475,Beckton,Newham,-6.2,345.0,599.0,609.0,1.669449081803005,2400.0,2518.0,1288.0,4.916666666666666
E05000031,Eastbury,Barking and Dagenham,24.7,282.0,325.0,321.0,-1.2307692307692308,1190.0,1274.0,637.0,7.0588235294117645
E05000094,Kilburn,Brent,17.1,531.0,624.0,665.0,6.570512820512821,2431.0,2678.0,1337.0,10.16042780748663
E05009402,Redcliffe,Kensington and Chelsea,1.5,,,,,,,,
E05000365,Turnham Green,Hounslow,9.3,219.0,372.0,444.0,19.35483870967742,1474.0,1778.0,950.0,20.62415196743555
E05000201,Haselbury,Enfield,15.6,226.0,332.0,346.0,4.216867469879518,1354.0,1403.0,722.0,3.61890694239291
E05000348,Chiswick Homefields,Hounslow,-5.0,164.0,214.0,241.0,12.616822429906541,921.0,1059.0,536.0,14.983713355048861
E05009386,Victoria,Hackney,6.7,,,,,,,,
E05000490,Plaistow South,Newham,8.9,315.0,476.0,500.0,5.042016806722689,1805.0,2004.0,996.0,11.024930747922438
E05000428,St Leonard's,Lambeth,7.0,347.0,564.0,521.0,-7.624113475177305,2329.0,2416.0,1084.0,3.7355088020609704
E05000569,Wallington North,Sutton,5.0,100.0,160.0,191.0,19.375,580.0,670.0,404.0,15.517241379310345
E05000280,Tottenham Green,Haringey,15.3,549.0,886.0,815.0,-8.01354401805869,3525.0,3755.0,1842.0,6.524822695035461
E05000350,Cranford,Hounslow,11.0,213.0,367.0,380.0,3.5422343324250685,1425.0,1519.0,806.0,6.5964912280701755
E05000226,Plumstead,Greenwich,6.4,262.0,519.0,397.0,-23.50674373795761,1808.0,2076.0,947.0,14.823008849557523
E05000175,East Acton,Ealing,6.2,392.0,690.0,649.0,-5.942028985507246,2580.0,2919.0,1388.0,13.13953488372093
E05000125,Plaistow and Sundridge,Bromley,8.8,173.0,319.0,335.0,5.015673981191222,1119.0,1276.0,646.0,14.030384271671133
E05000254,Fulham Broadway,Hammersmith and Fulham,4.2,207.0,360.0,346.0,-3.888888888888889,1331.0,1493.0,747.0,12.17129977460556
E05000446,Ladywell,Lewisham,-1.3,172.0,229.0,319.0,39.30131004366812,1043.0,1112.0,651.0,6.615532118887824
E05000362,Isleworth,Hounslow,10.5,181.0,250.0,286.0,14.399999999999999,1092.0,1136.0,594.0,4.029304029304029
E05000482,East Ham South,Newham,16.5,190.0,318.0,328.0,3.1446540880503147,1264.0,1351.0,658.0,6.882911392405064
E05000114,Cray Valley East,Bromley,16.7,278.0,554.0,416.0,-24.90974729241877,2033.0,2200.0,919.0,8.21446138711264
E05000433,Thornton,Lambeth,10.4,119.0,235.0,208.0,-11.48936170212766,887.0,863.0,433.0,-2.705749718151071
E05000106,Bickley,Bromley,4.7,121.0,184.0,221.0,20.108695652173914,680.0,878.0,409.0,29.117647058823533
E05000335,Northwood,Hillingdon,4.1,115.0,186.0,196.0,5.376344086021505,658.0,744.0,374.0,13.069908814589665
E05000449,New Cross,Lewisham,16.7,448.0,769.0,674.0,-12.35370611183355,2676.0,3112.0,1419.0,16.292974588938712
E05011469,Kenley,Croydon,4.3,,,,,,,,
E05000351,Feltham North,Hounslow,5.0,168.0,321.0,299.0,-6.853582554517133,1109.0,1302.0,574.0,17.40306582506763
E05000208,Southgate,Enfield,5.1,181.0,303.0,367.0,21.122112211221122,1109.0,1429.0,792.0,28.85482416591524
E05000592,Chapel End,Waltham Forest,12.4,203.0,347.0,262.0,-24.495677233429394,1115.0,1280.0,624.0,14.798206278026907
E05000303,Stanmore Park,Harrow,0.8,145.0,191.0,204.0,6.806282722513089,686.0,808.0,411.0,17.784256559766764
E05000622,St Mary's Park,Wandsworth,12.6,226.0,292.0,361.0,23.63013698630137,1426.0,1400.0,711.0,-1.8232819074333801
E05000055,Hendon,Barnet,-2.4,431.0,435.0,486.0,11.724137931034482,1869.0,1734.0,930.0,-7.223113964686998
E05000302,Roxeth,Harrow,14.5,163.0,229.0,247.0,7.860262008733625,1110.0,981.0,503.0,-11.621621621621623
E05011106,North Bermondsey,Southwark,29.9,,,,,,,,
E05000297,Pinner,Harrow,1.1,106.0,168.0,172.0,2.380952380952381,630.0,690.0,388.0,9.523809523809524
E05009378,Hoxton West,Hackney,11.6,,,,,,,,
E05000340,Uxbridge North,Hillingdon,6.6,328.0,545.0,552.0,1.2844036697247707,1846.0,2276.0,1080.0,23.293607800650054
E05009397,Holland,Kensington and Chelsea,9.5,,,,,,,,
E05000089,Dudden Hill,Brent,12.0,422.0,474.0,515.0,8.649789029535865,2287.0,2272.0,1086.0,-0.6558810668998688
E05000489,Plaistow North,Newham,7.9,203.0,306.0,288.0,-5.88235294117647,1139.0,1244.0,631.0,9.218612818261633
E05000327,Cavendish,Hillingdon,3.9,123.0,197.0,153.0,-22.33502538071066,783.0,749.0,328.0,-4.342273307790549
E05000338,South Ruislip,Hillingdon,7.9,144.0,331.0,268.0,-19.033232628398792,1093.0,1237.0,585.0,13.174748398902103
E05000432,Streatham Wells,Lambeth,6.1,205.0,281.0,305.0,8.540925266903916,1290.0,1193.0,628.0,-7.519379844961241
E05000191,Southfield,Ealing,2.4,157.0,198.0,187.0,-5.555555555555555,974.0,1027.0,398.0,5.441478439425051
E05011236,Bridge,Redbridge,42.1,,,,,,,,
E05000530,Teddington,Richmond upon Thames,-1.6,144.0,219.0,228.0,4.10958904109589,832.0,911.0,436.0,9.495192307692307
E05000471,Trinity,Merton,-1.6,204.0,294.0,292.0,-0.6802721088435374,1251.0,1241.0,632.0,-0.7993605115907274
E05000054,Hale,Barnet,-2.5,305.0,270.0,322.0,19.25925925925926,1221.0,1251.0,622.0,2.457002457002457
E05000218,Eltham North,Greenwich,10.7,220.0,267.0,239.0,-10.486891385767791,1004.0,1145.0,486.0,14.043824701195218
E05000562,St Helier,Sutton,7.7,173.0,291.0,246.0,-15.463917525773196,970.0,1182.0,524.0,21.855670103092784
E05000371,Finsbury Park,Islington,6.4,518.0,949.0,1103.0,16.227608008429925,3372.0,4739.0,2276.0,40.53973902728351
E05000177,Greenford Broadway,Ealing,-4.7,299.0,477.0,474.0,-0.628930817610063,2072.0,2225.0,994.0,7.384169884169885
E05000086,Barnhill,Brent,11.2,345.0,401.0,348.0,-13.216957605985039,1649.0,1696.0,804.0,2.850212249848393
E05000380,St Peter's,Islington,4.9,275.0,501.0,362.0,-27.744510978043913,1656.0,2203.0,758.0,33.031400966183575
E05009392,Colville,Kensington and Chelsea,20.9,,,,,,,,
E05000633,Churchill,Westminster,4.5,169.0,253.0,253.0,0.0,1049.0,1174.0,586.0,11.916110581506196
E05000402,Beverley,Kingston upon Thames,-8.2,183.0,269.0,282.0,4.83271375464684,928.0,1038.0,591.0,11.85344827586207
E05000413,Surbiton Hill,Kingston upon Thames,-1.6,82.0,180.0,106.0,-41.11111111111111,465.0,616.0,242.0,32.47311827956989
E05000374,Hillrise,Islington,0.2,173.0,246.0,310.0,26.01626016260163,1019.0,1124.0,623.0,10.304219823356231
E05000347,Brentford,Hounslow,7.8,256.0,437.0,436.0,-0.2288329519450801,1622.0,2086.0,960.0,28.606658446362516
E05011237,Chadwell,Redbridge,57.3,,,,,,,,
E05009388,Abingdon,Kensington and Chelsea,3.5,,,,,,,,
E05000032,Gascoigne,Barking and Dagenham,17.6,342.0,356.0,312.0,-12.359550561797752,1205.0,1353.0,647.0,12.282157676348547
E05000434,Thurlow Park,Lambeth,5.1,198.0,302.0,342.0,13.245033112582782,1278.0,1318.0,756.0,3.1298904538341157
E05000594,Endlebury,Waltham Forest,6.9,117.0,169.0,187.0,10.650887573964498,540.0,708.0,335.0,31.11111111111111
E05000045,Childs Hill,Barnet,6.9,643.0,665.0,645.0,-3.007518796992481,2922.0,2697.0,1347.0,-7.7002053388090355
E05000377,Mildmay,Islington,11.7,294.0,372.0,305.0,-18.010752688172044,1577.0,1622.0,668.0,2.8535193405199744
E05009377,Hoxton East and Shoreditch,Hackney,6.0,,,,,,,,
E05000063,Woodhouse,Barnet,7.2,430.0,480.0,424.0,-11.666666666666666,1958.0,2022.0,947.0,3.268641470888662
E05000200,Grange,Enfield,34.6,164.0,256.0,333.0,30.078125,965.0,1146.0,699.0,18.756476683937823
E05000639,Little Venice,Westminster,9.1,179.0,359.0,336.0,-6.406685236768802,1194.0,1481.0,692.0,24.036850921273032
E05000189,Southall Broadway,Ealing,37.5,400.0,577.0,572.0,-0.8665511265164645,2464.0,2694.0,1198.0,9.334415584415584
E05000456,Cannon Hill,Merton,-2.0,72.0,131.0,101.0,-22.900763358778626,402.0,530.0,188.0,31.8407960199005
E05000614,Fairfield,Wandsworth,5.4,241.0,435.0,511.0,17.47126436781609,1585.0,1963.0,967.0,23.84858044164038
E05000056,High Barnet,Barnet,14.7,305.0,321.0,366.0,14.018691588785046,1321.0,1341.0,680.0,1.514004542013626
E05000480,East Ham Central,Newham,18.9,364.0,691.0,715.0,3.4732272069464547,2301.0,2752.0,1382.0,19.600173837461973
E05000555,Beddington North,Sutton,-3.9,111.0,170.0,214.0,25.882352941176475,714.0,794.0,397.0,11.204481792717088
E05000050,Edgware,Barnet,-0.8,487.0,567.0,514.0,-9.347442680776014,2203.0,2257.0,1082.0,2.451202905129369
E05009384,Stamford Hill West,Hackney,-6.2,,,,,,,,
E05000358,Hounslow Central,Hounslow,9.3,651.0,1068.0,950.0,-11.04868913857678,3642.0,4249.0,1930.0,16.666666666666664
E05000356,Heston East,Hounslow,1.3,165.0,282.0,329.0,16.666666666666664,1200.0,1310.0,650.0,9.166666666666666
E05000178,Greenford Green,Ealing,1.1,216.0,442.0,369.0,-16.515837104072396,1476.0,1749.0,793.0,18.495934959349594
E05000217,Coldharbour and New Eltham,Greenwich,14.4,205.0,293.0,282.0,-3.754266211604096,1320.0,1375.0,595.0,4.166666666666666
E05011230,Sidcup,Bexley,20.4,,,,,,,,
E05000627,Wandsworth Common,Wandsworth,3.8,167.0,325.0,372.0,14.461538461538462,1085.0,1351.0,775.0,24.516129032258064
E05011223,Crook Log,Bexley,30.6,,,,,,,,
E05000183,North Greenford,Ealing,4.6,173.0,263.0,214.0,-18.631178707224336,989.0,977.0,426.0,-1.2133468149646107
E05011241,Cranbrook,Redbridge,57.9,,,,,,,,
E05000333,Ickenham,Hillingdon,0.5,77.0,124.0,137.0,10.483870967741936,470.0,551.0,295.0,17.23404255319149
E05000229,Woolwich Common,Greenwich,7.6,312.0,549.0,573.0,4.371584699453552,2041.0,2241.0,1221.0,9.799118079372857
E05011102,Faraday,Southwark,69.1,,,,,,,,
E05000558,Carshalton Central,Sutton,2.5,67.0,154.0,149.0,-3.2467532467532463,496.0,658.0,299.0,32.66129032258064
E05009329,St Dunstan's,Tower Hamlets,11.4,,,,,,,,
E05011221,Blendon and Penhill,Bexley,23.0,,,,,,,,
E05000285,Belmont,Harrow,-8.5,102.0,128.0,194.0,51.5625,598.0,693.0,389.0,15.88628762541806
E05000029,Chadwell Heath,Barking and Dagenham,22.1,232.0,253.0,259.0,2.371541501976284,919.0,1041.0,511.0,13.275299238302502
E05011107,North Walworth,Southwark,57.8,,,,,,,,
E05000274,Muswell Hill,Haringey,1.3,176.0,314.0,330.0,5.095541401273886,1073.0,1355.0,660.0,26.281453867660765
E05000525,Mortlake and Barnes Common,Richmond upon Thames,-0.2,116.0,193.0,196.0,1.5544041450777202,727.0,958.0,398.0,31.77441540577717
E05011115,St Giles,Southwark,54.5,,,,,,,,
E05000132,Fortune Green,Camden,9.4,158.0,282.0,277.0,-1.773049645390071,1045.0,1357.0,610.0,29.856459330143544
E05000463,Lavender Fields,Merton,5.4,105.0,151.0,173.0,14.56953642384106,669.0,706.0,380.0,5.5306427503736915
E05000272,Highgate,Haringey,1.7,129.0,234.0,311.0,32.9059829059829,808.0,1143.0,615.0,41.46039603960396
E05011483,Shirley South,Croydon,32.0,,,,,,,,
E05009317,Bethnal Green,Tower Hamlets,17.6,,,,,,,,
E05000638,Lancaster Gate,Westminster,16.7,348.0,697.0,718.0,3.012912482065997,2512.0,2889.0,1501.0,15.007961783439491
E05000363,Osterley and Spring Grove,Hounslow,14.2,180.0,349.0,407.0,16.6189111747851,1193.0,1492.0,772.0,25.0628667225482
E05000100,Stonebridge,Brent,16.1,677.0,731.0,652.0,-10.807113543091655,2989.0,2974.0,1392.0,-0.5018400802944128
E05009403,Royal Hospital,Kensington and Chelsea,1.3,,,,,,,,
E05000139,Kentish Town,Camden,13.2,302.0,496.0,497.0,0.20161290322580644,1784.0,2281.0,1005.0,27.858744394618835
E05000343,West Ruislip,Hillingdon,3.5,211.0,223.0,242.0,8.520179372197308,1057.0,965.0,492.0,-8.703878902554399
E05011471,New Addington South,Croydon,50.5,,,,,,,,
E05000488,Manor Park,Newham,4.7,222.0,362.0,365.0,0.8287292817679558,1526.0,1746.0,757.0,14.416775884665793
E05000205,Palmers Green,Enfield,8.4,187.0,343.0,325.0,-5.247813411078718,1230.0,1545.0,685.0,25.609756097560975
E05000199,Enfield Lock,Enfield,8.6,207.0,312.0,352.0,12.82051282051282,1308.0,1382.0,776.0,5.657492354740061
E05000531,Twickenham Riverside,Richmond upon Thames,-2.4,178.0,284.0,234.0,-17.6056338028169,1072.0,1258.0,546.0,17.350746268656717
E05000039,Thames,Barking and Dagenham,24.6,506.0,544.0,477.0,-12.316176470588236,2061.0,2206.0,980.0,7.035419699175158
E05000448,Lewisham Central,Lewisham,4.4,566.0,894.0,1001.0,11.968680089485458,3647.0,4050.0,2107.0,11.050178228681109
E05000099,Queensbury,Brent,3.8,422.0,360.0,364.0,1.1111111111111112,1661.0,1654.0,839.0,-0.4214328717639976
E05000115,Cray Valley West,Bromley,2.9,280.0,436.0,399.0,-8.486238532110093,1620.0,1859.0,855.0,14.753086419753087
E05000180,Hobbayne,Ealing,-1.9,127.0,259.0,233.0,-10.038610038610038,940.0,1072.0,556.0,14.042553191489363
E05000319,Romford Town,Havering,12.5,696.0,1135.0,1245.0,9.691629955947137,4040.0,4593.0,2351.0,13.68811881188119
E05000273,Hornsey,Haringey,14.6,180.0,331.0,379.0,14.501510574018129,1251.0,1552.0,812.0,24.060751398880896
E05000104,Wembley Central,Brent,18.0,649.0,665.0,639.0,-3.909774436090226,2770.0,2725.0,1377.0,-1.6245487364620936
E05011227,Longlands,Bexley,25.0,,,,,,,,
E05000370,Clerkenwell,Islington,9.1,399.0,779.0,692.0,-11.16816431322208,2373.0,3300.0,1340.0,39.06447534766119
E05000313,Havering Park,Havering,8.1,147.0,212.0,201.0,-5.188679245283019,788.0,901.0,426.0,14.340101522842641
E05000570,Wallington South,Sutton,4.1,109.0,213.0,144.0,-32.3943661971831,597.0,743.0,300.0,24.455611390284755
E05000279,Stroud Green,Haringey,13.7,189.0,278.0,267.0,-3.9568345323741005,1057.0,1365.0,616.0,29.13907284768212
E05000047,Coppetts,Barnet,13.1,370.0,441.0,514.0,16.55328798185941,1619.0,1933.0,1005.0,19.394688079061147
E05009333,Spitalfields and Banglatown,Tower Hamlets,20.7,,,,,,,,
E05000644,St James's,Westminster,6.7,2405.0,3718.0,4158.0,11.834319526627219,13612.0,15727.0,8263.0,15.53776079929474
E05000119,Hayes and Coney Hall,Bromley,3.1,142.0,219.0,228.0,4.10958904109589,735.0,869.0,466.0,18.231292517006803
E05000126,Shortlands,Bromley,1.8,56.0,107.0,92.0,-14.018691588785046,311.0,413.0,210.0,32.79742765273312
E05000060,Underhill,Barnet,10.7,396.0,441.0,350.0,-20.634920634920633,1735.0,1683.0,703.0,-2.9971181556195963
E05011249,Monkhams,Redbridge,18.8,,,,,,,,
E05000138,Holborn and Covent Garden,Camden,2.2,906.0,1577.0,1731.0,9.765377298668358,5256.0,7165.0,3441.0,36.320395738203956
E05000131,Cantelowes,Camden,1.0,238.0,333.0,386.0,15.915915915915916,1369.0,1664.0,773.0,21.548575602629658
E05000481,East Ham North,Newham,14.9,144.0,290.0,267.0,-7.931034482758621,1093.0,1215.0,592.0,11.161939615736504
E05011470,New Addington North,Croydon,64.6,,,,,,,,
E05000415,Tudor,Kingston upon Thames,-5.5,66.0,115.0,98.0,-14.782608695652174,493.0,486.0,240.0,-1.4198782961460445
E05000607,Valley,Waltham Forest,17.2,269.0,422.0,388.0,-8.056872037914692,1500.0,1815.0,850.0,21.0
E05000225,Peninsula,Greenwich,3.0,427.0,905.0,770.0,-14.917127071823206,2971.0,3546.0,1692.0,19.353752945136318
E05000123,Penge and Cator,Bromley,10.8,323.0,504.0,571.0,13.293650793650794,1994.0,2246.0,1152.0,12.637913741223672
E05000057,Mill Hill,Barnet,3.1,382.0,402.0,480.0,19.402985074626866,1637.0,1811.0,948.0,10.62919975565058
E05000215,Blackheath Westcombe,Greenwich,0.3,198.0,339.0,285.0,-15.929203539823009,1124.0,1255.0,630.0,11.654804270462634
E05000042,Whalebone,Barking and Dagenham,24.0,263.0,264.0,296.0,12.121212121212121,1027.0,1160.0,588.0,12.950340798442065
E05000626,Tooting,Wandsworth,17.1,214.0,386.0,441.0,14.248704663212436,1597.0,1880.0,965.0,17.720726361928616
E05000404,Chessington North and Hook,Kingston upon Thames,-2.8,88.0,104.0,127.0,22.115384615384613,481.0,482.0,278.0,0.2079002079002079
E05000193,Bowes,Enfield,3.4,177.0,253.0,240.0,-5.138339920948617,991.0,1136.0,544.0,14.631685166498487
E05000400,Alexandra,Kingston upon Thames,-1.8,80.0,187.0,172.0,-8.02139037433155,593.0,711.0,347.0,19.898819561551434
E05011254,Wanstead Park,Redbridge,57.6,,,,,,,,
E05000141,King's Cross,Camden,1.3,351.0,730.0,870.0,19.17808219178082,2401.0,3613.0,1698.0,50.478967097042904
E05000468,Ravensbury,Merton,-2.0,113.0,213.0,224.0,5.164319248826291,866.0,856.0,475.0,-1.1547344110854503
E05000598,Hatch Lane,Waltham Forest,14.2,138.0,183.0,202.0,10.382513661202186,814.0,893.0,423.0,9.705159705159705
E05011105,Newington,Southwark,64.8,,,,,,,,
E05000216,Charlton,Greenwich,2.1,157.0,297.0,301.0,1.3468013468013467,1120.0,1284.0,614.0,14.642857142857144
E05011246,Ilford Town,Redbridge,70.3,,,,,,,,
E05011480,Selsdon and Addington Village,Croydon,24.9,,,,,,,,
E05000561,Nonsuch,Sutton,2.4,139.0,137.0,160.0,16.78832116788321,620.0,671.0,344.0,8.225806451612904
E05000516,Barnes,Richmond upon Thames,-7.1,82.0,177.0,160.0,-9.6045197740113,615.0,680.0,317.0,10.569105691056912
E05000612,Earlsfield,Wandsworth,10.2,180.0,357.0,310.0,-13.165266106442578,1259.0,1431.0,686.0,13.661636219221604
E05000113,Copers Cope,Bromley,2.7,219.0,407.0,371.0,-8.845208845208845,1383.0,1643.0,771.0,18.799710773680406
E05000423,Herne Hill,Lambeth,-10.5,294.0,373.0,343.0,-8.04289544235925,1819.0,1767.0,905.0,-2.8587135788894997
E05011234,Aldborough,Redbridge,58.6,,,,,,,,
E05011099,Dulwich Hill,Southwark,60.8,,,,,,,,
E05000522,Hampton Wick,Richmond upon Thames,-7.4,116.0,154.0,201.0,30.519480519480517,735.0,868.0,374.0,18.095238095238095
E05000411,St James,Kingston upon Thames,-7.2,55.0,120.0,104.0,-13.333333333333334,390.0,485.0,218.0,24.358974358974358
E05000649,West End,Westminster,17.6,2900.0,4664.0,4929.0,5.681818181818182,15614.0,19878.0,10144.0,27.308825413090815
E05000144,Swiss Cottage,Camden,10.2,192.0,373.0,397.0,6.434316353887399,1182.0,1562.0,724.0,32.14890016920474
E05009318,Blackwall and Cubitt Town,Tower Hamlets,-0.4,,,,,,,,
E05011242,Fairlop,Redbridge,38.9,,,,,,,,
E05000452,Sydenham,Lewisham,7.7,227.0,366.0,316.0,-13.661202185792352,1423.0,1532.0,675.0,7.659873506676036
E05000318,Rainham and Wennington,Havering,-4.0,184.0,309.0,331.0,7.119741100323624,1253.0,1343.0,662.0,7.182761372705507
E05011235,Barkingside,Redbridge,50.9,,,,,,,,
E05011222,Crayford,Bexley,34.8,,,,,,,,
E05000142,Regent's Park,Camden,13.5,471.0,844.0,931.0,10.308056872037914,3077.0,3981.0,1926.0,29.37926551836204
E05000136,Haverstock,Camden,12.5,232.0,514.0,401.0,-21.98443579766537,1574.0,2132.0,835.0,35.45108005082592
E05000269,Crouch End,Haringey,6.8,171.0,270.0,322.0,19.25925925925926,984.0,1309.0,658.0,33.02845528455284
E05000284,Woodside,Haringey,8.0,241.0,482.0,463.0,-3.941908713692946,1748.0,1972.0,1005.0,12.814645308924485
E05011462,Addiscombe East,Croydon,46.0,,,,,,,,
E05000634,Church Street,Westminster,3.1,271.0,434.0,481.0,10.829493087557603,1887.0,1836.0,1068.0,-2.7027027027027026
E05000610,Balham,Wandsworth,8.5,223.0,415.0,375.0,-9.63855421686747,1411.0,1746.0,804.0,23.74202693125443
E05000339,Townfield,Hillingdon,14.6,584.0,915.0,983.0,7.431693989071038,3432.0,3747.0,1843.0,9.178321678321678
E05000461,Graveney,Merton,4.7,102.0,191.0,151.0,-20.94240837696335,628.0,703.0,334.0,11.94267515923567
E05000526,North Richmond,Richmond upon Thames,5.4,172.0,253.0,211.0,-16.600790513833992,935.0,1099.0,432.0,17.54010695187166
E05000354,Hanworth Park,Hounslow,0.6,208.0,334.0,359.0,7.48502994011976,1247.0,1424.0,783.0,14.194065757818766
E05000298,Pinner South,Harrow,-4.3,68.0,125.0,131.0,4.8,408.0,490.0,246.0,20.098039215686274
E05000110,Chelsfield and Pratts Bottom,Bromley,4.7,104.0,195.0,181.0,-7.179487179487179,582.0,709.0,371.0,21.8213058419244
E05000305,West Harrow,Harrow,10.0,109.0,178.0,154.0,-13.48314606741573,687.0,731.0,336.0,6.404657933042213
E05000430,Streatham Hill,Lambeth,17.0,260.0,364.0,348.0,-4.395604395604396,1522.0,1528.0,809.0,0.39421813403416556
E05000174,Ealing Common,Ealing,5.6,212.0,329.0,391.0,18.84498480243161,1445.0,1505.0,781.0,4.1522491349480966
E05000040,Valence,Barking and Dagenham,33.7,224.0,231.0,218.0,-5.627705627705628,960.0,1091.0,448.0,13.645833333333332
E05000559,Carshalton South and Clockhouse,Sutton,0.1,67.0,105.0,129.0,22.857142857142858,420.0,491.0,255.0,16.904761904761905
E05000052,Garden Suburb,Barnet,-6.7,329.0,305.0,308.0,0.9836065573770493,1416.0,1369.0,640.0,-3.3192090395480225
E05000604,Leyton,Waltham Forest,8.0,321.0,482.0,458.0,-4.979253112033195,1803.0,1868.0,920.0,3.6051026067665006
E05009373,Hackney Downs,Hackney,-7.0,,,,,,,,
E05000337,Pinkwell,Hillingdon,22.0,243.0,356.0,382.0,7.303370786516854,1537.0,1488.0,835.0,-3.188028627195836
E05000426,Oval,Lambeth,0.0,439.0,721.0,706.0,-2.0804438280166435,2651.0,3032.0,1521.0,14.371935118823083
E05000330,Harefield,Hillingdon,4.9,88.0,117.0,164.0,40.17094017094017,577.0,560.0,327.0,-2.946273830155979
E05011468,Fairfield,Croydon,20.9,,,,,,,,
E05000345,Yiewsley,Hillingdon,13.2,375.0,619.0,511.0,-17.447495961227787,2066.0,2510.0,959.0,21.490803484995162
E05009367,Brownswood,Hackney,3.6,,,,,,,,
E05000417,Brixton Hill,Lambeth,-3.7,306.0,469.0,509.0,8.528784648187633,1902.0,2191.0,1069.0,15.19453207150368
E05000618,Nightingale,Wandsworth,10.9,179.0,361.0,330.0,-8.587257617728532,1253.0,1433.0,641.0,14.365522745411013
E05000223,Kidbrooke with Hornfair,Greenwich,9.9,267.0,426.0,325.0,-23.708920187793428,1344.0,1535.0,688.0,14.211309523809524
E05000262,Sands End,Hammersmith and Fulham,14.3,183.0,261.0,323.0,23.754789272030653,1089.0,1403.0,615.0,28.833792470156105
E05000601,Hoe Street,Waltham Forest,-5.1,258.0,423.0,455.0,7.5650118203309695,1516.0,1736.0,959.0,14.511873350923482
E05000296,Marlborough,Harrow,12.8,168.0,312.0,311.0,-0.3205128205128205,1179.0,1255.0,617.0,6.4461407972858344
E05000035,Longbridge,Barking and Dagenham,32.3,260.0,226.0,248.0,9.734513274336283,931.0,973.0,479.0,4.511278195488721
E05000033,Goresbrook,Barking and Dagenham,26.3,246.0,248.0,249.0,0.4032258064516129,881.0,1131.0,479.0,28.37684449489217
E05000207,Southbury,Enfield,14.1,264.0,474.0,515.0,8.649789029535865,1762.0,2014.0,1073.0,14.301929625425652
E05000563,Stonecot,Sutton,7.3,99.0,137.0,143.0,4.37956204379562,481.0,554.0,302.0,15.176715176715177
E05000266,Alexandra,Haringey,5.4,139.0,218.0,182.0,-16.51376146788991,797.0,969.0,416.0,21.580928481806776
E05000436,Vassall,Lambeth,9.9,252.0,439.0,404.0,-7.972665148063782,1833.0,1935.0,871.0,5.564648117839607
E05011489,Woodside,Croydon,11.8,,,,,,,,
E05000257,Munster,Hammersmith and Fulham,9.0,114.0,184.0,193.0,4.891304347826087,749.0,747.0,402.0,-0.26702269692923897
E05000324,Barnhill,Hillingdon,12.7,229.0,375.0,394.0,5.066666666666666,1444.0,1630.0,805.0,12.880886426592797
E05000462,Hillside,Merton,0.4,107.0,169.0,208.0,23.076923076923077,573.0,732.0,366.0,27.748691099476442
E05009374,Hackney Wick,Hackney,12.6,,,,,,,,
E05000271,Harringay,Haringey,11.4,254.0,531.0,520.0,-2.0715630885122414,1885.0,2283.0,1158.0,21.114058355437663
E05011474,Old Coulsdon,Croydon,13.2,,,,,,,,
E05009400,Pembridge,Kensington and Chelsea,4.5,,,,,,,,
E05009369,Clissold,Hackney,7.4,,,,,,,,
E05000367,Bunhill,Islington,6.2,622.0,1277.0,1015.0,-20.516836335160534,3873.0,5352.0,2000.0,38.18745158791634
E05000572,Worcester Park,Sutton,6.5,113.0,170.0,162.0,-4.705882352941177,663.0,687.0,357.0,3.619909502262444
E05000317,Pettits,Havering,-1.1,98.0,158.0,179.0,13.291139240506327,699.0,732.0,357.0,4.721030042918455
E05000412,St Mark's,Kingston upon Thames,1.7,146.0,224.0,223.0,-0.4464285714285714,903.0,988.0,407.0,9.413067552602437
E05000098,Queens Park,Brent,-3.7,360.0,432.0,400.0,-7.4074074074074066,1844.0,1860.0,845.0,0.8676789587852495
E05000307,Cranham,Havering,3.5,99.0,172.0,150.0,-12.790697674418606,584.0,669.0,315.0,14.554794520547945
E05009372,Hackney Central,Hackney,5.9,,,,,,,,
E05009379,King's Park,Hackney,6.0,,,,,,,,
E05000190,Southall Green,Ealing,-3.4,327.0,412.0,379.0,-8.009708737864079,1704.0,1636.0,865.0,-3.9906103286384975
E05000059,Totteridge,Barnet,2.5,248.0,236.0,230.0,-2.5423728813559325,960.0,1003.0,483.0,4.479166666666667
E05009328,Poplar,Tower Hamlets,-0.2,,,,,,,,
E05011252,South Woodford,Redbridge,37.4,,,,,,,,
E05000283,White Hart Lane,Haringey,18.5,283.0,422.0,433.0,2.6066350710900474,1628.0,1849.0,939.0,13.574938574938574
E05000605,Leytonstone,Waltham Forest,9.6,302.0,436.0,445.0,2.064220183486239,1641.0,1780.0,860.0,8.470444850700792
E05000447,Lee Green,Lewisham,4.4,239.0,343.0,368.0,7.288629737609329,1238.0,1511.0,738.0,22.051696284329562
E05011248,Mayfield,Redbridge,68.9,,,,,,,,
E05000427,Prince's,Lambeth,1.8,301.0,512.0,447.0,-12.6953125,1945.0,2086.0,958.0,7.249357326478149
E05000143,St Pancras and Somers Town,Camden,4.4,567.0,893.0,965.0,8.062709966405375,3343.0,4194.0,1973.0,25.4561770864493
E05000331,Heathrow Villages,Hillingdon,10.9,764.0,1371.0,1505.0,9.773887673231219,4940.0,6078.0,2968.0,23.036437246963562
E05009391,Chelsea Riverside,Kensington and Chelsea,6.0,,,,,,,,
E05000533,Whitton,Richmond upon Thames,1.9,85.0,210.0,156.0,-25.71428571428571,683.0,832.0,346.0,21.815519765739385
E05011103,Goose Green,Southwark,37.9,,,,,,,,
E05000355,Heston Central,Hounslow,6.2,175.0,314.0,316.0,0.6369426751592357,1194.0,1387.0,647.0,16.164154103852596
E05000524,Kew,Richmond upon Thames,-1.8,108.0,202.0,226.0,11.881188118811881,733.0,1036.0,462.0,41.336971350613915
E05000346,Bedfont,Hounslow,5.2,154.0,247.0,290.0,17.408906882591094,1096.0,1225.0,611.0,11.77007299270073
E05000609,Wood Street,Waltham Forest,9.7,208.0,314.0,268.0,-14.64968152866242,1301.0,1424.0,636.0,9.454265949269793
E05000625,Thamesfield,Wandsworth,0.9,307.0,410.0,485.0,18.29268292682927,1839.0,2001.0,970.0,8.809135399673735
E05000361,Hounslow West,Hounslow,12.5,283.0,445.0,398.0,-10.561797752808989,1575.0,1898.0,836.0,20.50793650793651
E05011473,Norbury Park,Croydon,54.5,,,,,,,,
E05000253,College Park and Old Oak,Hammersmith and Fulham,17.3,237.0,382.0,393.0,2.8795811518324608,1512.0,1653.0,825.0,9.325396825396826
E05000294,Kenton East,Harrow,5.2,122.0,184.0,131.0,-28.804347826086957,692.0,714.0,324.0,3.1791907514450863
E05000527,St Margarets and North Twickenham,Richmond upon Thames,3.4,114.0,296.0,225.0,-23.986486486486484,788.0,1048.0,455.0,32.99492385786802
E05000450,Perry Vale,Lewisham,6.4,192.0,301.0,303.0,0.6644518272425249,1119.0,1295.0,653.0,15.728328865058089
E05000565,Sutton North,Sutton,8.6,112.0,172.0,146.0,-15.11627906976744,567.0,655.0,297.0,15.520282186948853
E05009334,Stepney Green,Tower Hamlets,17.8,,,,,,,,
E05000034,Heath,Barking and Dagenham,22.6,286.0,274.0,240.0,-12.408759124087592,1079.0,1205.0,556.0,11.677479147358666
E05000091,Harlesden,Brent,18.1,595.0,608.0,590.0,-2.9605263157894735,2595.0,2626.0,1278.0,1.1946050096339114
E05000590,Cann Hall,Waltham Forest,8.5,118.0,277.0,263.0,-5.054151624548736,937.0,1048.0,528.0,11.846318036286018
E05000135,Hampstead Town,Camden,4.1,188.0,338.0,396.0,17.159763313609467,1203.0,1631.0,814.0,35.57772236076476
E05000648,Westbourne,Westminster,8.1,282.0,376.0,442.0,17.5531914893617,1559.0,1751.0,909.0,12.315586914688904
E05000210,Town,Enfield,4.7,167.0,240.0,306.0,27.500000000000004,1072.0,1076.0,624.0,0.3731343283582089
E05000597,Hale End and Highams Park,Waltham Forest,12.8,150.0,231.0,252.0,9.090909090909092,940.0,1099.0,504.0,16.914893617021278
E05011479,Selhurst,Croydon,18.7,,,,,,,,
E05000230,Woolwich Riverside,Greenwich,14.7,520.0,879.0,819.0,-6.825938566552901,3152.0,3693.0,1839.0,17.163705583756343
E05009399,Notting Dale,Kensington and Chelsea,-6.0,,,,,,,,
E05000599,High Street,Waltham Forest,4.4,397.0,603.0,638.0,5.804311774461028,2460.0,2417.0,1321.0,-1.7479674796747966
E05000214,Abbey Wood,Greenwich,17.1,277.0,474.0,363.0,-23.417721518987342,1694.0,1785.0,862.0,5.371900826446281
E05000323,Upminster,Havering,3.5,119.0,203.0,197.0,-2.955665024630542,738.0,1035.0,520.0,40.243902439024396
E05000357,Heston West,Hounslow,9.4,258.0,347.0,382.0,10.086455331412104,1478.0,1532.0,818.0,3.6535859269282813
E05011465,Broad Green,Croydon,15.3,,,,,,,,
E05000352,Feltham West,Hounslow,3.5,290.0,463.0,542.0,17.062634989200866,1726.0,1826.0,1068.0,5.793742757821553
E05011101,Dulwich Wood,Southwark,58.3,,,,,,,,
E05000198,Enfield Highway,Enfield,25.1,226.0,401.0,451.0,12.468827930174564,1505.0,1691.0,930.0,12.358803986710964
E05000410,Old Malden,Kingston upon Thames,-0.6,62.0,95.0,105.0,10.526315789473683,402.0,437.0,239.0,8.706467661691542
E05000173,Ealing Broadway,Ealing,5.5,415.0,760.0,735.0,-3.289473684210526,2775.0,2984.0,1402.0,7.531531531531531
E05000455,Abbey,Merton,-1.0,172.0,275.0,238.0,-13.454545454545455,913.0,1078.0,511.0,18.072289156626507
E05000270,Fortis Green,Haringey,8.0,132.0,251.0,211.0,-15.936254980079681,878.0,1092.0,461.0,24.373576309794988
E05000130,Camden Town with Primrose Hill,Camden,4.5,754.0,1179.0,1278.0,8.396946564885496,4568.0,5249.0,2551.0,14.908056042031523
E05000407,Coombe Vale,Kingston upon Thames,-7.5,73.0,108.0,100.0,-7.4074074074074066,390.0,452.0,188.0,15.897435897435896
E05009370,Dalston,Hackney,-7.6,,,,,,,,
E05011475,Park Hill and Whitgift,Croydon,31.1,,,,,,,,
E05000061,West Finchley,Barnet,-1.7,407.0,353.0,390.0,10.48158640226629,1717.0,1703.0,857.0,-0.8153756552125802
E05000359,Hounslow Heath,Hounslow,1.9,245.0,357.0,358.0,0.2801120448179272,1332.0,1504.0,722.0,12.912912912912914
E05000186,Norwood Green,Ealing,-1.0,327.0,445.0,429.0,-3.5955056179775284,2013.0,1924.0,906.0,-4.4212617983109785
E05000049,East Finchley,Barnet,2.9,223.0,260.0,281.0,8.076923076923077,1048.0,1170.0,587.0,11.641221374045802
E05011486,Thornton Heath,Croydon,9.3,,,,,,,,
E05000445,Grove Park,Lewisham,9.3,154.0,248.0,253.0,2.0161290322580645,939.0,1009.0,520.0,7.454739084132056
E05000571,Wandle Valley,Sutton,12.4,153.0,203.0,199.0,-1.9704433497536946,836.0,957.0,473.0,14.473684210526317
E05000105,Willesden Green,Brent,,520.0,607.0,612.0,0.8237232289950577,2558.0,2575.0,1316.0,0.6645817044566067
E05011116,South Bermondsey,Southwark,47.0,,,,,,,,
E05000037,Parsloes,Barking and Dagenham,19.1,180.0,176.0,164.0,-6.8181818181818175,704.0,701.0,341.0,-0.4261363636363636
E05000381,Tollington,Islington,6.8,247.0,408.0,410.0,0.49019607843137253,1453.0,1959.0,918.0,34.824501032346866
E05000128,Belsize,Camden,1.8,150.0,296.0,330.0,11.486486486486488,991.0,1495.0,654.0,50.8577194752775
E05000603,Lea Bridge,Waltham Forest,1.6,326.0,518.0,506.0,-2.3166023166023164,1942.0,2252.0,1022.0,15.96292481977343
E05000619,Northcote,Wandsworth,0.3,334.0,522.0,587.0,12.452107279693486,2089.0,2365.0,1215.0,13.212063188128292
E05000440,Catford South,Lewisham,7.8,168.0,224.0,249.0,11.160714285714286,992.0,991.0,502.0,-0.10080645161290322
E05000026,Abbey,Barking and Dagenham,27.7,719.0,757.0,804.0,6.208718626155878,2952.0,3313.0,1636.0,12.2289972899729
E05000477,Canning Town North,Newham,15.1,364.0,559.0,544.0,-2.6833631484794274,2125.0,2566.0,1197.0,20.75294117647059
E05000560,Cheam,Sutton,2.2,74.0,118.0,128.0,8.47457627118644,458.0,460.0,261.0,0.43668122270742354
E05009395,Earl's Court,Kensington and Chelsea,5.4,,,,,,,,
E05000564,Sutton Central,Sutton,12.6,373.0,542.0,541.0,-0.18450184501845018,1986.0,2337.0,1089.0,17.673716012084594
E05000615,Furzedown,Wandsworth,6.4,151.0,220.0,215.0,-2.272727272727273,1013.0,1029.0,482.0,1.5794669299111548
E05011484,South Croydon,Croydon,32.9,,,,,,,,
E05000616,Graveney,Wandsworth,10.1,305.0,466.0,457.0,-1.9313304721030045,1859.0,2032.0,1036.0,9.306078536847767
E05000258,North End,Hammersmith and Fulham,17.1,168.0,288.0,278.0,-3.4722222222222223,1165.0,1255.0,641.0,7.725321888412018
E05000366,Barnsbury,Islington,-3.6,339.0,464.0,418.0,-9.913793103448276,1837.0,1891.0,845.0,2.939575394665215
E05011225,Erith,Bexley,61.9,,,,,,,,
E05000484,Forest Gate South,Newham,6.9,375.0,643.0,536.0,-16.640746500777606,2351.0,2674.0,1193.0,13.738834538494258
E05000476,Boleyn,Newham,7.8,230.0,369.0,408.0,10.569105691056912,1395.0,1644.0,872.0,17.8494623655914
E05000108,Bromley Common and Keston,Bromley,6.0,240.0,340.0,309.0,-9.117647058823529,1163.0,1351.0,604.0,16.165090283748924
E05000103,Welsh Harp,Brent,13.2,300.0,363.0,388.0,6.887052341597796,1442.0,1551.0,794.0,7.558945908460471
E05000493,Wall End,Newham,17.6,143.0,269.0,315.0,17.100371747211895,996.0,1118.0,693.0,12.248995983935743
E05000364,Syon,Hounslow,14.0,283.0,509.0,467.0,-8.25147347740668,1718.0,2100.0,985.0,22.235157159487777
E05000310,Gooshays,Havering,4.5,266.0,541.0,395.0,-26.98706099815157,1705.0,2084.0,841.0,22.228739002932553
E05000185,Northolt West End,Ealing,5.5,246.0,378.0,426.0,12.698412698412698,1599.0,1721.0,888.0,7.629768605378362
E05009380,Lea Bridge,Hackney,9.8,,,,,,,,
E05000372,Highbury East,Islington,0.1,230.0,398.0,282.0,-29.145728643216078,1436.0,1626.0,675.0,13.231197771587745
E05000403,Canbury,Kingston upon Thames,-4.4,104.0,179.0,179.0,0.0,720.0,793.0,377.0,10.13888888888889
E05000030,Eastbrook,Barking and Dagenham,6.1,251.0,232.0,276.0,18.96551724137931,823.0,955.0,492.0,16.038882138517618
E05000122,Orpington,Bromley,6.3,344.0,504.0,396.0,-21.428571428571427,1763.0,1775.0,812.0,0.6806579693703914
E05000293,Headstone South,Harrow,11.6,109.0,184.0,165.0,-10.326086956521738,682.0,681.0,344.0,-0.1466275659824047
E05011482,Shirley North,Croydon,37.7,,,,,,,,
E05011247,Loxford,Redbridge,83.1,,,,,,,,
E05000203,Jubilee,Enfield,5.0,219.0,279.0,327.0,17.20430107526882,1239.0,1387.0,711.0,11.945117029862793
E05009331,St Peter's,Tower Hamlets,16.4,,,,,,,,
E05000568,The Wrythe,Sutton,4.1,131.0,187.0,194.0,3.7433155080213902,729.0,891.0,391.0,22.22222222222222
E05011232,Thamesmead East,Bexley,67.5,,,,,,,,
E05000213,Winchmore Hill,Enfield,9.8,109.0,205.0,236.0,15.121951219512194,733.0,946.0,452.0,29.058663028649384
E05000062,West Hendon,Barnet,0.3,611.0,674.0,647.0,-4.005934718100891,2596.0,2465.0,1335.0,-5.046224961479199
E05000308,Elm Park,Havering,8.5,130.0,190.0,228.0,20.0,739.0,872.0,508.0,17.997293640054128
E05000646,Vincent Square,Westminster,11.1,223.0,375.0,421.0,12.266666666666666,1530.0,1603.0,849.0,4.771241830065359
E05011481,Selsdon Vale and Forestdale,Croydon,20.2,,,,,,,,
E05000424,Knight's Hill,Lambeth,2.4,223.0,383.0,377.0,-1.5665796344647518,1585.0,1529.0,749.0,-3.533123028391167
E05011104,London Bridge and West Bermondsey,Southwark,,,,,,,,,
E05011217,Barnehurst,Bexley,33.4,,,,,,,,
E05000204,Lower Edmonton,Enfield,3.9,211.0,359.0,377.0,5.013927576601671,1392.0,1652.0,869.0,18.67816091954023
E05000414,Tolworth and Hook Rise,Kingston upon Thames,-3.2,111.0,234.0,234.0,0.0,838.0,937.0,484.0,11.813842482100238
E05011100,Dulwich Village,Southwark,37.9,,,,,,,,
E05000255,Fulham Reach,Hammersmith and Fulham,12.4,184.0,333.0,325.0,-2.4024024024024024,1400.0,1359.0,680.0,-2.928571428571429
E05000097,Preston,Brent,13.5,256.0,243.0,360.0,48.148148148148145,1264.0,1238.0,698.0,-2.0569620253164556
E05009405,Stanley,Kensington and Chelsea,13.1,,,,,,,,
E05000360,Hounslow South,Hounslow,11.1,85.0,157.0,122.0,-22.29299363057325,483.0,656.0,288.0,35.81780538302277
E05000127,West Wickham,Bromley,2.0,89.0,166.0,162.0,-2.4096385542168677,568.0,646.0,340.0,13.732394366197184
E05000459,Dundonald,Merton,-8.4,113.0,155.0,166.0,7.096774193548387,647.0,659.0,306.0,1.8547140649149922
E05011243,Fullwell,Redbridge,53.4,,,,,,,,
E05000460,Figge's Marsh,Merton,1.2,213.0,314.0,329.0,4.777070063694268,1292.0,1436.0,733.0,11.145510835913312
E05000429,Stockwell,Lambeth,10.2,319.0,466.0,453.0,-2.7896995708154506,2025.0,2091.0,989.0,3.259259259259259
E05000109,Bromley Town,Bromley,0.7,496.0,891.0,955.0,7.182940516273851,2808.0,3549.0,2006.0,26.38888888888889
E05000043,Brunswick Park,Barnet,-0.8,203.0,226.0,267.0,18.141592920353983,876.0,1023.0,563.0,16.78082191780822
E05011240,Clementswood,Redbridge,83.5,,,,,,,,
E05009383,Springfield,Hackney,1.1,,,,,,,,
E05000443,Evelyn,Lewisham,6.6,303.0,413.0,450.0,8.958837772397095,1681.0,1793.0,956.0,6.662700773349196
E05000181,Lady Margaret,Ealing,10.2,152.0,245.0,214.0,-12.653061224489795,841.0,881.0,441.0,4.756242568370987
E05009322,Bromley South,Tower Hamlets,5.0,,,,,,,,
E05009371,De Beauvoir,Hackney,6.6,,,,,,,,
E05000187,Perivale,Ealing,14.7,177.0,292.0,297.0,1.7123287671232876,1136.0,1319.0,690.0,16.109154929577464
E05000224,Middle Park and Sutcliffe,Greenwich,18.3,195.0,346.0,281.0,-18.786127167630056,1138.0,1405.0,613.0,23.462214411247803
E05000095,Mapesbury,Brent,19.1,356.0,472.0,477.0,1.059322033898305,1755.0,2085.0,1054.0,18.803418803418804
E05000409,Norbiton,Kingston upon Thames,-7.2,189.0,198.0,214.0,8.080808080808081,1176.0,948.0,465.0,-19.387755102040817
E05000316,Mawneys,Havering,-2.4,152.0,222.0,241.0,8.558558558558559,857.0,960.0,481.0,12.018669778296383
E05009394,Dalgarno,Kensington and Chelsea,11.3,,,,,,,,
E05000211,Turkey Street,Enfield,20.0,170.0,330.0,332.0,0.6060606060606061,1201.0,1331.0,717.0,10.824313072439635
E05000219,Eltham South,Greenwich,13.3,266.0,378.0,395.0,4.497354497354497,1403.0,1713.0,862.0,22.095509622238062
E05011255,Wanstead Village,Redbridge,43.4,,,,,,,,
E05000209,Southgate Green,Enfield,7.5,169.0,248.0,322.0,29.838709677419356,973.0,1265.0,662.0,30.01027749229188
E05009319,Bow East,Tower Hamlets,11.2,,,,,,,,
E05000341,Uxbridge South,Hillingdon,12.8,320.0,514.0,504.0,-1.9455252918287937,2049.0,2281.0,1069.0,11.322596388482186
E05000281,Tottenham Hale,Haringey,8.2,336.0,697.0,727.0,4.304160688665711,2633.0,3053.0,1584.0,15.951386251424232
E05011472,Norbury and Pollards Hill,Croydon,67.7,,,,,,,,
E05000375,Holloway,Islington,4.2,369.0,591.0,589.0,-0.338409475465313,2079.0,2614.0,1287.0,25.733525733525735
E05000408,Grove,Kingston upon Thames,-10.1,659.0,972.0,1114.0,14.609053497942387,3694.0,4075.0,2098.0,10.314022739577695
E05000184,Northolt Mandeville,Ealing,7.2,222.0,349.0,366.0,4.871060171919771,1442.0,1563.0,774.0,8.39112343966713
E05000453,Telegraph Hill,Lewisham,19.2,210.0,328.0,329.0,0.3048780487804878,1342.0,1437.0,716.0,7.078986587183309
E05000263,Shepherd's Bush Green,Hammersmith and Fulham,20.0,682.0,1001.0,1000.0,-0.0999000999000999,4104.0,3998.0,2042.0,-2.582846003898635
E05009325,Lansbury,Tower Hamlets,-0.3,,,,,,,,
E05000312,Harold Wood,Havering,6.7,147.0,337.0,214.0,-36.49851632047478,950.0,1192.0,548.0,25.473684210526315
E05009385,Stoke Newington,Hackney,3.9,,,,,,,,
E05011112,Rotherhithe,Southwark,45.8,,,,,,,,
E05000491,Royal Docks,Newham,-5.2,199.0,291.0,351.0,20.618556701030926,1229.0,1340.0,739.0,9.03173311635476
E05000602,Larkswood,Waltham Forest,8.5,130.0,243.0,246.0,1.2345679012345678,952.0,1091.0,562.0,14.600840336134455
E05000486,Green Street West,Newham,19.0,253.0,376.0,429.0,14.095744680851062,1485.0,1577.0,898.0,6.1952861952861955
E05011238,Churchfields,Redbridge,37.6,,,,,,,,
E05009396,Golborne,Kensington and Chelsea,15.8,,,,,,,,
E05000636,Hyde Park,Westminster,6.7,583.0,1086.0,1048.0,-3.4990791896869244,3967.0,4476.0,2209.0,12.830854550037813
E05000334,Manor,Hillingdon,6.0,106.0,175.0,192.0,9.714285714285714,699.0,796.0,355.0,13.876967095851217
E05000291,Hatch End,Harrow,5.6,73.0,149.0,154.0,3.3557046979865772,562.0,568.0,329.0,1.0676156583629894
E05000472,Village,Merton,-2.9,83.0,152.0,148.0,-2.631578947368421,524.0,677.0,330.0,29.198473282442748
E05000192,Walpole,Ealing,7.9,201.0,318.0,325.0,2.20125786163522,1338.0,1321.0,663.0,-1.2705530642750373
E05000591,Cathall,Waltham Forest,7.8,201.0,300.0,310.0,3.3333333333333335,1173.0,1220.0,649.0,4.0068201193520885
E05000421,Ferndale,Lambeth,-0.9,330.0,601.0,498.0,-17.13810316139767,2244.0,2356.0,1040.0,4.991087344028521
E05000332,Hillingdon East,Hillingdon,10.7,183.0,310.0,252.0,-18.70967741935484,1053.0,1230.0,510.0,16.80911680911681
E05000172,Dormers Wells,Ealing,-4.9,169.0,284.0,310.0,9.15492957746479,1207.0,1310.0,639.0,8.533554266777134
E05009376,Homerton,Hackney,13.0,,,,,,,,
E05000451,Rushey Green,Lewisham,10.5,390.0,585.0,593.0,1.3675213675213675,2477.0,2514.0,1275.0,1.4937424303593057
E05009327,Mile End,Tower Hamlets,7.8,,,,,,,,
E05000630,Abbey Road,Westminster,-2.7,91.0,201.0,218.0,8.45771144278607,700.0,866.0,449.0,23.714285714285715
E05000145,West Hampstead,Camden,6.0,256.0,406.0,433.0,6.65024630541872,1403.0,1991.0,866.0,41.91019244476122
E05000088,Dollis Hill,Brent,11.9,301.0,420.0,427.0,1.6666666666666667,1384.0,1713.0,787.0,23.771676300578033
E05000117,Darwin,Bromley,4.2,33.0,58.0,77.0,32.758620689655174,261.0,297.0,163.0,13.793103448275861
E05000051,Finchley Church End,Barnet,-2.3,305.0,266.0,268.0,0.7518796992481203,1169.0,1146.0,594.0,-1.9674935842600514
E05000641,Marylebone High Street,Westminster,0.3,744.0,1202.0,1104.0,-8.153078202995008,4102.0,4937.0,2322.0,20.355923939541686
E05000053,Golders Green,Barnet,0.3,372.0,444.0,385.0,-13.288288288288289,1731.0,1736.0,846.0,0.28885037550548814
E05000405,Chessington South,Kingston upon Thames,-3.2,83.0,170.0,140.0,-17.647058823529413,622.0,739.0,286.0,18.810289389067524
E05009393,Courtfield,Kensington and Chelsea,-3.9,,,,,,,,
E05000058,Oakleigh,Barnet,8.3,271.0,301.0,281.0,-6.64451827242525,1209.0,1264.0,579.0,4.549214226633581
E05011228,Northumberland Heath,Bexley,42.6,,,,,,,,
E05000557,Belmont,Sutton,4.9,69.0,119.0,109.0,-8.403361344537815,385.0,502.0,226.0,30.38961038961039
E05000640,Maida Vale,Westminster,12.5,111.0,203.0,201.0,-0.9852216748768473,854.0,929.0,439.0,8.782201405152225
E05000176,Elthorne,Ealing,1.3,245.0,428.0,435.0,1.6355140186915886,1711.0,1806.0,884.0,5.5523085914669785
E05000326,Brunel,Hillingdon,9.6,287.0,465.0,403.0,-13.333333333333334,1689.0,1813.0,834.0,7.341622261693309
E05000260,Parsons Green and Walham,Hammersmith and Fulham,1.1,192.0,335.0,417.0,24.47761194029851,1260.0,1563.0,734.0,24.047619047619047
E05000182,Northfield,Ealing,8.3,136.0,240.0,235.0,-2.083333333333333,824.0,967.0,515.0,17.354368932038835
E05000028,Becontree,Barking and Dagenham,15.9,343.0,378.0,269.0,-28.835978835978835,1318.0,1566.0,625.0,18.81638846737481
E05009336,Whitechapel,Tower Hamlets,14.6,,,,,,,,
E05000290,Harrow Weald,Harrow,6.0,128.0,213.0,192.0,-9.859154929577464,808.0,881.0,408.0,9.034653465346535
E05000467,Pollards Hill,Merton,14.0,146.0,214.0,177.0,-17.289719626168225,822.0,807.0,362.0,-1.824817518248175
E05000637,Knightsbridge and Belgravia,Westminster,-1.5,275.0,444.0,452.0,1.8018018018018018,2247.0,2324.0,1032.0,3.4267912772585665
E05000107,Biggin Hill,Bromley,-2.4,101.0,174.0,143.0,-17.81609195402299,540.0,574.0,284.0,6.296296296296296
E05000483,Forest Gate North,Newham,4.7,210.0,361.0,334.0,-7.479224376731302,1394.0,1471.0,720.0,5.523672883787661
E05000457,Colliers Wood,Merton,10.5,159.0,228.0,238.0,4.385964912280701,1116.0,1054.0,519.0,-5.555555555555555
E05000309,Emerson Park,Havering,3.9,77.0,119.0,127.0,6.722689075630252,496.0,515.0,271.0,3.8306451612903225
E05000268,Bruce Grove,Haringey,9.6,234.0,395.0,356.0,-9.873417721518987,1535.0,1669.0,823.0,8.729641693811075
E05000425,Larkhall,Lambeth,8.6,376.0,508.0,560.0,10.236220472440944,2358.0,2345.0,1158.0,-0.551314673452078
E05000593,Chingford Green,Waltham Forest,7.4,177.0,239.0,260.0,8.786610878661087,1007.0,1082.0,550.0,7.447864945382324
E05000292,Headstone North,Harrow,28.2,79.0,137.0,121.0,-11.678832116788321,534.0,593.0,279.0,11.04868913857678
E05000349,Chiswick Riverside,Hounslow,15.9,125.0,240.0,192.0,-20.0,867.0,999.0,459.0,15.22491349480969
E05000473,West Barnes,Merton,8.7,107.0,188.0,189.0,0.5319148936170213,619.0,757.0,399.0,22.294022617124394
E05000566,Sutton South,Sutton,7.5,106.0,169.0,134.0,-20.710059171597635,605.0,666.0,281.0,10.082644628099173
E05009330,St Katharine's and Wapping,Tower Hamlets,4.3,,,,,,,,
E05000645,Tachbrook,Westminster,15.7,160.0,230.0,268.0,16.52173913043478,1086.0,1237.0,600.0,13.904235727440147
E05000265,Wormholt and White City,Hammersmith and Fulham,8.9,218.0,384.0,310.0,-19.270833333333336,1426.0,1517.0,666.0,6.38148667601683
E05011463,Addiscombe West,Croydon,51.6,,,,,,,,
E05009335,Weavers,Tower Hamlets,27.6,,,,,,,,
E05000464,Longthornton,Merton,6.3,155.0,188.0,195.0,3.723404255319149,723.0,747.0,363.0,3.319502074688797
E05009390,Campden,Kensington and Chelsea,-1.6,,,,,,,,
E05000620,Queenstown,Wandsworth,11.0,297.0,461.0,504.0,9.327548806941431,2017.0,2185.0,1085.0,8.329201784828955
E05000315,Hylands,Havering,5.8,169.0,211.0,199.0,-5.687203791469194,836.0,986.0,493.0,17.942583732057415
E05000469,Raynes Park,Merton,1.9,86.0,166.0,183.0,10.240963855421686,528.0,802.0,360.0,51.89393939393939
E05000494,West Ham,Newham,11.0,209.0,374.0,349.0,-6.684491978609626,1448.0,1539.0,722.0,6.284530386740332
E05000129,Bloomsbury,Camden,9.5,809.0,1357.0,1508.0,11.127487103905674,4658.0,6060.0,3091.0,30.098754830399315
E05000643,Regent's Park,Westminster,3.5,196.0,355.0,297.0,-16.338028169014084,1251.0,1579.0,655.0,26.219024780175857
E05000134,Gospel Oak,Camden,1.7,155.0,288.0,353.0,22.569444444444446,1004.0,1356.0,695.0,35.0597609561753
E05000621,Roehampton and Putney Heath,Wandsworth,4.9,256.0,359.0,372.0,3.6211699164345403,1462.0,1569.0,807.0,7.3187414500684
E05000222,Greenwich West,Greenwich,0.1,382.0,581.0,593.0,2.0654044750430294,2475.0,2602.0,1321.0,5.1313131313131315
E05000518,Fulwell and Hampton Hill,Richmond upon Thames,-5.6,93.0,169.0,163.0,-3.5502958579881656,576.0,673.0,335.0,16.84027777777778
E05000300,Rayners Lane,Harrow,9.8,120.0,180.0,171.0,-5.0,640.0,672.0,296.0,5.0
E05000474,Wimbledon Park,Merton,-1.6,97.0,186.0,184.0,-1.0752688172043012,743.0,792.0,383.0,6.594885598923284
E05000206,Ponders End,Enfield,6.4,284.0,489.0,559.0,14.314928425357873,1869.0,2177.0,1118.0,16.479400749063668
E05000288,Greenhill,Harrow,10.9,401.0,619.0,747.0,20.678513731825525,2264.0,2665.0,1503.0,17.71201413427562
E05000220,Eltham West,Greenwich,15.5,148.0,326.0,271.0,-16.87116564417178,1012.0,1316.0,540.0,30.039525691699602
E05011250,Newbury,Redbridge,53.6,,,,,,,,
E05000528,South Richmond,Richmond upon Thames,-4.1,253.0,385.0,473.0,22.857142857142858,1572.0,1965.0,1044.0,25.0
E05000320,St Andrew's,Havering,3.9,175.0,330.0,382.0,15.757575757575756,1062.0,1338.0,793.0,25.98870056497175
E05000419,Clapham Town,Lambeth,0.2,401.0,558.0,621.0,11.29032258064516,2354.0,2528.0,1250.0,7.391673746813934
E05000629,West Putney,Wandsworth,6.0,158.0,323.0,289.0,-10.526315789473683,1013.0,1236.0,583.0,22.013820335636723
E05009382,Shacklewell,Hackney,30.1,,,,,,,,
E05000102,Tokyngton,Brent,3.1,472.0,520.0,639.0,22.884615384615383,2409.0,2521.0,1318.0,4.649232046492321
E05000048,East Barnet,Barnet,-0.2,300.0,268.0,337.0,25.74626865671642,1195.0,1202.0,650.0,0.5857740585774058
E05000606,Markhouse,Waltham Forest,11.4,227.0,344.0,404.0,17.441860465116278,1228.0,1501.0,770.0,22.231270358306187
E05000252,Avonmore and Brook Green,Hammersmith and Fulham,10.2,169.0,302.0,287.0,-4.966887417218543,1100.0,1387.0,641.0,26.090909090909093
E05000611,Bedford,Wandsworth,11.9,150.0,234.0,218.0,-6.837606837606838,963.0,986.0,466.0,2.3883696780893042
E05000250,Addison,Hammersmith and Fulham,5.6,267.0,416.0,401.0,-3.6057692307692304,1601.0,1834.0,875.0,14.553404122423485
E05011220,Blackfen and Lamorbey,Bexley,20.3,,,,,,,,
E05000306,Brooklands,Havering,10.5,297.0,443.0,422.0,-4.740406320541761,1844.0,1882.0,842.0,2.0607375271149677
E05000624,Southfields,Wandsworth,12.9,193.0,354.0,390.0,10.16949152542373,1317.0,1449.0,813.0,10.022779043280181
E05000401,Berrylands,Kingston upon Thames,-2.0,111.0,160.0,120.0,-25.0,494.0,616.0,271.0,24.696356275303643
E05000600,Higham Hill,Waltham Forest,-1.0,219.0,374.0,357.0,-4.545454545454546,1292.0,1557.0,718.0,20.510835913312693
E05000437,Bellingham,Lewisham,4.2,260.0,463.0,375.0,-19.00647948164147,1826.0,1841.0,797.0,0.8214676889375685
